{
  "confusion_matrix": [
    [
      23,
      6
    ],
    [
      5,
      27
    ]
  ],
  "accuracy": 0.819672131147541,
  "precision": 0.8181818181818182,
  "recall": 0.84375,
  "f1_score": 0.8307692307692308,
  "auc": 0.9385775862068966,
  "previous_accuracy": 0.8360655737704918,
  "n_samples": 61,
  "evaluated_at": "2025-05-01T11:16:52.398529"
}