{
  "confusion_matrix": [
    [
      24,
      5
    ],
    [
      5,
      27
    ]
  ],
  "accuracy": 0.8360655737704918,
  "precision": 0.84375,
  "recall": 0.84375,
  "f1_score": 0.84375,
  "auc": 0.9299568965517241,
  "previous_accuracy": 0.8360655737704918,
  "n_samples": 61,
  "evaluated_at": "2025-05-01T10:59:26.744037"
}