{
  "confusion_matrix": [
    [
      123,
      17
    ],
    [
      27,
      107
    ]
  ],
  "accuracy": 0.8394160583941606,
  "precision": 0.8629032258064516,
  "recall": 0.7985074626865671,
  "f1_score": 0.8294573643410853,
  "auc": 0.9325159914712153,
  "previous_accuracy": 1.0,
  "n_samples": 274
}